S No ,Application,capacity,change,rpo,change_gb,bw,fr,dd
1,Kaspersky Antivirus,500,0.01,30,5.0,22.22222222222222,180000.0,2 days 02:00:00.000000000
2,VDP_Night,1000,0.02,30,20.0,88.88888888888889,90000.0,1 days 01:00:00.000000000
3,Bacula,1500,0.05,30,75.0,333.3333333333333,36000.0,0 days 10:00:00.000000000
